Product_ID,Product_Name,Price
1000,Item_0,98.89
1001,Item_1,13.61
1002,Item_2,88.03
1003,Item_3,62.08
1004,Item_4,49.48
1005,Item_5,75.27
1006,Item_6,53.8
1007,Item_7,88.61
1008,Item_8,91.06
1009,Item_9,47.95
1010,Item_10,34.91
1011,Item_11,63.31
1012,Item_12,92.11
1013,Item_13,28.96
1014,Item_14,66.07
1015,Item_15,66.84
1016,Item_16,75.98
1017,Item_17,21.84
1018,Item_18,74.42
1019,Item_19,91.81
