Order_ID,Customer_ID,Product_ID,Quantity,Order_Date,Product_Name,Price,Region,Signup_Date,Revenue,Days_Since_Signup,Revenue_Category
1,138,1015,1,2023-01-12,Item_15,66.84,West,2022-08-04,66.84,161,Low
2,128,1006,1,2023-01-19,Item_6,53.8,North,2022-09-02,53.8,139,Low
3,114,1003,1,2023-04-11,Item_3,62.08,West,2022-06-05,62.08,310,Low
4,142,1000,1,2023-02-13,Item_0,98.89,East,2022-08-05,98.89,192,Low
5,107,1004,3,2023-02-18,Item_4,49.48,North,2022-06-24,148.44,239,medium
6,120,1009,3,2023-01-17,Item_9,47.95,North,2022-10-20,143.85000000000002,89,medium
7,138,1004,2,2023-03-15,Item_4,49.48,West,2022-08-04,98.96,223,Low
8,118,1003,2,2023-02-26,Item_3,62.08,West,2022-11-30,124.16,88,medium
9,122,1001,1,2023-02-24,Item_1,13.61,South,2022-10-09,13.61,138,Low
10,110,1019,4,2023-02-16,Item_19,91.81,North,2022-11-01,367.24,107,High
11,110,1009,4,2023-01-12,Item_9,47.95,North,2022-11-01,191.8,72,medium
12,123,1018,3,2023-03-03,Item_18,74.42,East,2022-10-12,223.26,142,medium
13,135,1000,3,2023-03-21,Item_0,98.89,North,2022-10-03,296.67,169,High
14,139,1004,3,2023-03-24,Item_4,49.48,West,2022-09-08,148.44,197,medium
15,123,1012,2,2023-01-08,Item_12,92.11,East,2022-10-12,184.22,88,medium
16,102,1003,2,2023-05-29,Item_3,62.08,West,2022-11-09,124.16,201,medium
17,121,1015,3,2023-03-22,Item_15,66.84,West,2022-01-20,200.52,426,medium
18,101,1015,3,2023-04-28,Item_15,66.84,South,2022-01-01,200.52,482,medium
19,123,1001,3,2023-01-25,Item_1,13.61,East,2022-10-12,40.83,105,Low
20,143,1016,4,2023-03-30,Item_16,75.98,East,2022-11-02,303.92,148,High
21,129,1019,2,2023-01-12,Item_19,91.81,West,2022-02-28,183.62,318,medium
22,137,1011,4,2023-05-23,Item_11,63.31,West,2022-08-30,253.24,266,High
23,101,1017,4,2023-02-28,Item_17,21.84,South,2022-01-01,87.36,423,Low
24,120,1002,3,2023-06-03,Item_2,88.03,North,2022-10-20,264.09000000000003,226,High
25,132,1000,3,2023-04-19,Item_0,98.89,North,2022-06-28,296.67,295,High
26,111,1000,1,2023-01-26,Item_0,98.89,North,2022-04-30,98.89,271,Low
27,121,1018,1,2023-02-16,Item_18,74.42,West,2022-01-20,74.42,392,Low
28,143,1010,4,2023-02-01,Item_10,34.91,East,2022-11-02,139.64,91,medium
29,124,1004,2,2023-01-10,Item_4,49.48,South,2022-01-01,98.96,374,Low
30,148,1011,3,2023-01-16,Item_11,63.31,South,2022-07-03,189.93,197,medium
31,126,1002,3,2023-05-25,Item_2,88.03,East,2022-02-04,264.09000000000003,475,High
32,141,1000,4,2023-05-31,Item_0,98.89,East,2022-05-06,395.56,390,High
33,127,1000,1,2023-01-26,Item_0,98.89,North,2022-07-17,98.89,193,Low
34,115,1007,2,2023-03-27,Item_7,88.61,North,2022-07-26,177.22,244,medium
35,114,1009,1,2023-05-15,Item_9,47.95,West,2022-06-05,47.95,344,Low
36,146,1010,1,2023-01-14,Item_10,34.91,East,2022-02-08,34.91,340,Low
37,143,1011,1,2023-03-20,Item_11,63.31,East,2022-11-02,63.31,138,Low
38,102,1012,1,2023-04-27,Item_12,92.11,West,2022-11-09,92.11,169,Low
39,136,1011,3,2023-01-07,Item_11,63.31,West,2022-06-30,189.93,191,medium
40,106,1013,3,2023-05-17,Item_13,28.96,East,2022-04-17,86.88,395,Low
41,120,1001,1,2023-04-25,Item_1,13.61,North,2022-10-20,13.61,187,Low
42,108,1018,2,2023-06-25,Item_18,74.42,North,2022-07-23,148.84,337,medium
43,138,1017,4,2023-03-13,Item_17,21.84,West,2022-08-04,87.36,221,Low
44,117,1002,2,2023-02-28,Item_2,88.03,South,2022-09-08,176.06,173,medium
45,103,1016,2,2023-03-23,Item_16,75.98,South,2022-03-05,151.96,383,medium
46,124,1007,2,2023-04-26,Item_7,88.61,South,2022-01-01,177.22,480,medium
47,113,1009,1,2023-06-16,Item_9,47.95,South,2022-11-08,47.95,220,Low
48,149,1001,3,2023-05-26,Item_1,13.61,West,2022-06-27,40.83,333,Low
49,108,1018,2,2023-04-13,Item_18,74.42,North,2022-07-23,148.84,264,medium
50,125,1008,1,2023-01-17,Item_8,91.06,North,2022-04-29,91.06,263,Low
51,101,1006,2,2023-01-14,Item_6,53.8,South,2022-01-01,107.6,378,medium
52,119,1003,2,2023-06-08,Item_3,62.08,East,2022-05-10,124.16,394,medium
53,127,1017,1,2023-06-01,Item_17,21.84,North,2022-07-17,21.84,319,Low
54,146,1012,3,2023-04-18,Item_12,92.11,East,2022-02-08,276.33,434,High
55,106,1010,3,2023-02-14,Item_10,34.91,East,2022-04-17,104.72999999999999,303,medium
56,143,1003,4,2023-04-08,Item_3,62.08,East,2022-11-02,248.32,157,medium
57,107,1003,1,2023-05-11,Item_3,62.08,North,2022-06-24,62.08,321,Low
58,146,1009,4,2023-02-06,Item_9,47.95,East,2022-02-08,191.8,363,medium
59,134,1004,4,2023-06-20,Item_4,49.48,East,2022-01-12,197.92,524,medium
60,113,1008,4,2023-06-17,Item_8,91.06,South,2022-11-08,364.24,221,High
61,116,1002,3,2023-04-18,Item_2,88.03,East,2022-04-18,264.09000000000003,365,High
62,135,1016,1,2023-02-08,Item_16,75.98,North,2022-10-03,75.98,128,Low
63,149,1002,4,2023-01-15,Item_2,88.03,West,2022-06-27,352.12,202,High
64,139,1015,1,2023-04-30,Item_15,66.84,West,2022-09-08,66.84,234,Low
65,103,1003,1,2023-01-04,Item_3,62.08,South,2022-03-05,62.08,305,Low
66,101,1017,3,2023-04-03,Item_17,21.84,South,2022-01-01,65.52,457,Low
67,105,1016,4,2023-06-02,Item_16,75.98,South,2022-05-01,303.92,397,High
68,141,1006,4,2023-05-21,Item_6,53.8,East,2022-05-06,215.2,380,medium
69,103,1004,1,2023-06-10,Item_4,49.48,South,2022-03-05,49.48,462,Low
70,128,1011,2,2023-01-16,Item_11,63.31,North,2022-09-02,126.62,136,medium
71,117,1016,3,2023-06-19,Item_16,75.98,South,2022-09-08,227.94,284,medium
72,125,1012,3,2023-04-18,Item_12,92.11,North,2022-04-29,276.33,354,High
73,143,1002,3,2023-05-06,Item_2,88.03,East,2022-11-02,264.09000000000003,185,High
74,133,1008,3,2023-02-24,Item_8,91.06,North,2022-07-25,273.18,214,High
75,109,1016,4,2023-06-19,Item_16,75.98,South,2022-06-14,303.92,370,High
76,135,1016,4,2023-02-03,Item_16,75.98,North,2022-10-03,303.92,123,High
77,113,1019,2,2023-06-07,Item_19,91.81,South,2022-11-08,183.62,211,medium
78,130,1015,3,2023-01-13,Item_15,66.84,South,2022-11-21,200.52,53,medium
79,147,1012,3,2023-05-21,Item_12,92.11,South,2022-08-11,276.33,283,High
80,114,1018,1,2023-01-18,Item_18,74.42,West,2022-06-05,74.42,227,Low
81,107,1016,4,2023-06-09,Item_16,75.98,North,2022-06-24,303.92,350,High
82,113,1003,3,2023-04-06,Item_3,62.08,South,2022-11-08,186.24,149,medium
83,122,1011,2,2023-05-03,Item_11,63.31,South,2022-10-09,126.62,206,medium
84,139,1008,2,2023-02-08,Item_8,91.06,West,2022-09-08,182.12,153,medium
85,120,1018,4,2023-02-15,Item_18,74.42,North,2022-10-20,297.68,118,High
86,115,1011,2,2023-01-29,Item_11,63.31,North,2022-07-26,126.62,187,medium
87,144,1008,2,2023-03-03,Item_8,91.06,East,2022-10-12,182.12,142,medium
88,117,1006,4,2023-01-16,Item_6,53.8,South,2022-09-08,215.2,130,medium
89,146,1013,3,2023-05-01,Item_13,28.96,East,2022-02-08,86.88,447,Low
90,123,1019,3,2023-01-10,Item_19,91.81,East,2022-10-12,275.43,90,High
91,125,1018,2,2023-06-07,Item_18,74.42,North,2022-04-29,148.84,404,medium
92,124,1014,2,2023-06-02,Item_14,66.07,South,2022-01-01,132.14,517,medium
93,144,1015,3,2023-04-13,Item_15,66.84,East,2022-10-12,200.52,183,medium
94,140,1004,4,2023-03-25,Item_4,49.48,North,2022-10-26,197.92,150,medium
95,128,1002,2,2023-05-13,Item_2,88.03,North,2022-09-02,176.06,253,medium
96,114,1011,1,2023-03-06,Item_11,63.31,West,2022-06-05,63.31,274,Low
97,144,1019,4,2023-06-26,Item_19,91.81,East,2022-10-12,367.24,257,High
98,100,1003,2,2023-01-03,Item_3,62.08,East,2022-06-20,124.16,197,medium
99,124,1015,2,2023-06-22,Item_15,66.84,South,2022-01-01,133.68,537,medium
100,106,1006,1,2023-05-22,Item_6,53.8,East,2022-04-17,53.8,400,Low
101,108,1012,1,2023-04-30,Item_12,92.11,North,2022-07-23,92.11,281,Low
102,123,1009,3,2023-06-07,Item_9,47.95,East,2022-10-12,143.85000000000002,238,medium
103,100,1006,4,2023-03-09,Item_6,53.8,East,2022-06-20,215.2,262,medium
104,143,1013,4,2023-05-26,Item_13,28.96,East,2022-11-02,115.84,205,medium
105,107,1004,3,2023-02-06,Item_4,49.48,North,2022-06-24,148.44,227,medium
106,123,1002,4,2023-06-02,Item_2,88.03,East,2022-10-12,352.12,233,High
107,110,1010,4,2023-06-25,Item_10,34.91,North,2022-11-01,139.64,236,medium
108,116,1010,4,2023-06-30,Item_10,34.91,East,2022-04-18,139.64,438,medium
109,107,1017,4,2023-03-14,Item_17,21.84,North,2022-06-24,87.36,263,Low
110,134,1014,4,2023-05-23,Item_14,66.07,East,2022-01-12,264.28,496,High
111,134,1011,1,2023-02-18,Item_11,63.31,East,2022-01-12,63.31,402,Low
112,132,1008,4,2023-05-01,Item_8,91.06,North,2022-06-28,364.24,307,High
113,104,1009,1,2023-03-29,Item_9,47.95,South,2022-10-11,47.95,169,Low
114,141,1011,4,2023-05-20,Item_11,63.31,East,2022-05-06,253.24,379,High
115,138,1016,3,2023-02-06,Item_16,75.98,West,2022-08-04,227.94,186,medium
116,140,1005,2,2023-03-02,Item_5,75.27,North,2022-10-26,150.54,127,medium
117,127,1006,1,2023-06-20,Item_6,53.8,North,2022-07-17,53.8,338,Low
118,106,1013,4,2023-05-04,Item_13,28.96,East,2022-04-17,115.84,382,medium
119,108,1012,3,2023-02-08,Item_12,92.11,North,2022-07-23,276.33,200,High
120,107,1007,2,2023-03-04,Item_7,88.61,North,2022-06-24,177.22,253,medium
121,111,1009,1,2023-02-15,Item_9,47.95,North,2022-04-30,47.95,291,Low
122,133,1008,2,2023-03-29,Item_8,91.06,North,2022-07-25,182.12,247,medium
123,132,1017,3,2023-01-11,Item_17,21.84,North,2022-06-28,65.52,197,Low
124,147,1001,1,2023-03-03,Item_1,13.61,South,2022-08-11,13.61,204,Low
125,122,1004,2,2023-03-18,Item_4,49.48,South,2022-10-09,98.96,160,Low
126,123,1004,4,2023-06-02,Item_4,49.48,East,2022-10-12,197.92,233,medium
127,136,1005,1,2023-02-21,Item_5,75.27,West,2022-06-30,75.27,236,Low
128,134,1018,2,2023-01-04,Item_18,74.42,East,2022-01-12,148.84,357,medium
129,143,1007,3,2023-02-28,Item_7,88.61,East,2022-11-02,265.83,118,High
130,139,1015,3,2023-03-13,Item_15,66.84,West,2022-09-08,200.52,186,medium
131,121,1012,1,2023-05-28,Item_12,92.11,West,2022-01-20,92.11,493,Low
132,126,1000,2,2023-04-03,Item_0,98.89,East,2022-02-04,197.78,423,medium
133,134,1019,1,2023-03-04,Item_19,91.81,East,2022-01-12,91.81,416,Low
134,100,1016,1,2023-02-23,Item_16,75.98,East,2022-06-20,75.98,248,Low
135,134,1006,2,2023-04-27,Item_6,53.8,East,2022-01-12,107.6,470,medium
136,136,1012,2,2023-04-20,Item_12,92.11,West,2022-06-30,184.22,294,medium
137,146,1003,4,2023-03-15,Item_3,62.08,East,2022-02-08,248.32,400,medium
138,113,1003,2,2023-04-17,Item_3,62.08,South,2022-11-08,124.16,160,medium
139,102,1005,3,2023-02-26,Item_5,75.27,West,2022-11-09,225.81,109,medium
140,100,1018,1,2023-06-18,Item_18,74.42,East,2022-06-20,74.42,363,Low
141,104,1011,1,2023-01-03,Item_11,63.31,South,2022-10-11,63.31,84,Low
142,125,1006,3,2023-04-30,Item_6,53.8,North,2022-04-29,161.39999999999998,366,medium
143,113,1009,2,2023-01-06,Item_9,47.95,South,2022-11-08,95.9,59,Low
144,138,1018,3,2023-01-05,Item_18,74.42,West,2022-08-04,223.26,154,medium
145,126,1006,3,2023-01-05,Item_6,53.8,East,2022-02-04,161.39999999999998,335,medium
146,108,1002,4,2023-02-23,Item_2,88.03,North,2022-07-23,352.12,215,High
147,114,1012,3,2023-02-16,Item_12,92.11,West,2022-06-05,276.33,256,High
148,114,1012,1,2023-06-26,Item_12,92.11,West,2022-06-05,92.11,386,Low
149,125,1017,3,2023-01-09,Item_17,21.84,North,2022-04-29,65.52,255,Low
150,141,1019,1,2023-04-09,Item_19,91.81,East,2022-05-06,91.81,338,Low
151,112,1007,1,2023-01-20,Item_7,88.61,South,2022-02-13,88.61,341,Low
152,131,1008,1,2023-05-02,Item_8,91.06,East,2022-06-10,91.06,326,Low
153,138,1006,2,2023-03-02,Item_6,53.8,West,2022-08-04,107.6,210,medium
154,148,1000,4,2023-05-03,Item_0,98.89,South,2022-07-03,395.56,304,High
155,131,1002,1,2023-06-12,Item_2,88.03,East,2022-06-10,88.03,367,Low
156,103,1012,1,2023-06-27,Item_12,92.11,South,2022-03-05,92.11,479,Low
157,129,1016,2,2023-03-23,Item_16,75.98,West,2022-02-28,151.96,388,medium
158,136,1000,1,2023-03-03,Item_0,98.89,West,2022-06-30,98.89,246,Low
159,122,1005,3,2023-05-25,Item_5,75.27,South,2022-10-09,225.81,228,medium
160,138,1005,3,2023-01-03,Item_5,75.27,West,2022-08-04,225.81,152,medium
161,144,1011,4,2023-06-09,Item_11,63.31,East,2022-10-12,253.24,240,High
162,114,1012,1,2023-01-13,Item_12,92.11,West,2022-06-05,92.11,222,Low
163,142,1012,2,2023-04-30,Item_12,92.11,East,2022-08-05,184.22,268,medium
164,128,1014,3,2023-05-05,Item_14,66.07,North,2022-09-02,198.20999999999998,245,medium
165,135,1015,2,2023-03-30,Item_15,66.84,North,2022-10-03,133.68,178,medium
166,112,1010,2,2023-03-14,Item_10,34.91,South,2022-02-13,69.82,394,Low
167,131,1004,3,2023-03-09,Item_4,49.48,East,2022-06-10,148.44,272,medium
168,106,1003,2,2023-05-22,Item_3,62.08,East,2022-04-17,124.16,400,medium
169,121,1002,3,2023-04-11,Item_2,88.03,West,2022-01-20,264.09000000000003,446,High
170,127,1018,2,2023-04-08,Item_18,74.42,North,2022-07-17,148.84,265,medium
171,101,1019,3,2023-01-11,Item_19,91.81,South,2022-01-01,275.43,375,High
172,141,1017,1,2023-04-15,Item_17,21.84,East,2022-05-06,21.84,344,Low
173,144,1014,4,2023-03-08,Item_14,66.07,East,2022-10-12,264.28,147,High
174,105,1008,3,2023-05-03,Item_8,91.06,South,2022-05-01,273.18,367,High
175,127,1016,3,2023-01-29,Item_16,75.98,North,2022-07-17,227.94,196,medium
176,127,1013,4,2023-05-17,Item_13,28.96,North,2022-07-17,115.84,304,medium
177,143,1014,3,2023-06-02,Item_14,66.07,East,2022-11-02,198.20999999999998,212,medium
178,143,1000,3,2023-03-17,Item_0,98.89,East,2022-11-02,296.67,135,High
179,119,1002,2,2023-06-19,Item_2,88.03,East,2022-05-10,176.06,405,medium
180,129,1015,4,2023-01-09,Item_15,66.84,West,2022-02-28,267.36,315,High
181,110,1010,1,2023-02-09,Item_10,34.91,North,2022-11-01,34.91,100,Low
182,127,1011,3,2023-01-25,Item_11,63.31,North,2022-07-17,189.93,192,medium
183,124,1009,4,2023-01-05,Item_9,47.95,South,2022-01-01,191.8,369,medium
184,138,1015,2,2023-05-19,Item_15,66.84,West,2022-08-04,133.68,288,medium
185,132,1007,1,2023-05-04,Item_7,88.61,North,2022-06-28,88.61,310,Low
186,100,1005,4,2023-02-07,Item_5,75.27,East,2022-06-20,301.08,232,High
187,126,1011,1,2023-03-13,Item_11,63.31,East,2022-02-04,63.31,402,Low
188,112,1007,1,2023-05-13,Item_7,88.61,South,2022-02-13,88.61,454,Low
189,140,1003,1,2023-06-25,Item_3,62.08,North,2022-10-26,62.08,242,Low
190,102,1007,3,2023-03-31,Item_7,88.61,West,2022-11-09,265.83,142,High
191,138,1017,3,2023-05-26,Item_17,21.84,West,2022-08-04,65.52,295,Low
192,105,1004,2,2023-02-06,Item_4,49.48,South,2022-05-01,98.96,281,Low
193,107,1008,2,2023-03-01,Item_8,91.06,North,2022-06-24,182.12,250,medium
194,126,1003,4,2023-06-25,Item_3,62.08,East,2022-02-04,248.32,506,medium
195,108,1016,2,2023-01-28,Item_16,75.98,North,2022-07-23,151.96,189,medium
196,136,1008,1,2023-03-22,Item_8,91.06,West,2022-06-30,91.06,265,Low
197,132,1000,1,2023-04-24,Item_0,98.89,North,2022-06-28,98.89,300,Low
198,141,1019,3,2023-02-09,Item_19,91.81,East,2022-05-06,275.43,279,High
199,143,1012,1,2023-02-14,Item_12,92.11,East,2022-11-02,92.11,104,Low
200,123,1015,4,2023-03-03,Item_15,66.84,East,2022-10-12,267.36,142,High
201,114,1012,1,2023-04-03,Item_12,92.11,West,2022-06-05,92.11,302,Low
202,131,1013,1,2023-04-25,Item_13,28.96,East,2022-06-10,28.96,319,Low
203,131,1002,4,2023-03-08,Item_2,88.03,East,2022-06-10,352.12,271,High
204,123,1005,2,2023-02-25,Item_5,75.27,East,2022-10-12,150.54,136,medium
205,140,1017,2,2023-02-09,Item_17,21.84,North,2022-10-26,43.68,106,Low
206,148,1018,4,2023-04-08,Item_18,74.42,South,2022-07-03,297.68,279,High
207,148,1004,3,2023-02-09,Item_4,49.48,South,2022-07-03,148.44,221,medium
208,111,1014,1,2023-04-01,Item_14,66.07,North,2022-04-30,66.07,336,Low
209,138,1001,4,2023-02-02,Item_1,13.61,West,2022-08-04,54.44,182,Low
210,101,1009,1,2023-01-06,Item_9,47.95,South,2022-01-01,47.95,370,Low
211,102,1017,3,2023-05-27,Item_17,21.84,West,2022-11-09,65.52,199,Low
212,148,1012,1,2023-03-21,Item_12,92.11,South,2022-07-03,92.11,261,Low
213,136,1004,4,2023-06-17,Item_4,49.48,West,2022-06-30,197.92,352,medium
214,148,1000,1,2023-04-02,Item_0,98.89,South,2022-07-03,98.89,273,Low
215,116,1000,2,2023-04-07,Item_0,98.89,East,2022-04-18,197.78,354,medium
216,148,1017,3,2023-02-28,Item_17,21.84,South,2022-07-03,65.52,240,Low
217,101,1014,3,2023-02-28,Item_14,66.07,South,2022-01-01,198.20999999999998,423,medium
218,101,1016,3,2023-02-17,Item_16,75.98,South,2022-01-01,227.94,412,medium
219,127,1010,4,2023-06-18,Item_10,34.91,North,2022-07-17,139.64,336,medium
220,122,1016,3,2023-01-13,Item_16,75.98,South,2022-10-09,227.94,96,medium
221,136,1012,2,2023-04-17,Item_12,92.11,West,2022-06-30,184.22,291,medium
222,131,1000,4,2023-02-14,Item_0,98.89,East,2022-06-10,395.56,249,High
223,132,1001,2,2023-03-30,Item_1,13.61,North,2022-06-28,27.22,275,Low
224,100,1008,1,2023-06-30,Item_8,91.06,East,2022-06-20,91.06,375,Low
225,118,1002,1,2023-06-19,Item_2,88.03,West,2022-11-30,88.03,201,Low
226,101,1000,1,2023-04-10,Item_0,98.89,South,2022-01-01,98.89,464,Low
227,143,1015,1,2023-06-04,Item_15,66.84,East,2022-11-02,66.84,214,Low
228,125,1005,2,2023-06-15,Item_5,75.27,North,2022-04-29,150.54,412,medium
229,131,1016,4,2023-01-07,Item_16,75.98,East,2022-06-10,303.92,211,High
230,105,1004,4,2023-05-13,Item_4,49.48,South,2022-05-01,197.92,377,medium
231,131,1004,3,2023-02-14,Item_4,49.48,East,2022-06-10,148.44,249,medium
232,103,1005,2,2023-02-27,Item_5,75.27,South,2022-03-05,150.54,359,medium
233,110,1002,1,2023-01-31,Item_2,88.03,North,2022-11-01,88.03,91,Low
234,116,1004,2,2023-01-23,Item_4,49.48,East,2022-04-18,98.96,280,Low
235,137,1004,3,2023-06-19,Item_4,49.48,West,2022-08-30,148.44,293,medium
236,123,1009,3,2023-05-18,Item_9,47.95,East,2022-10-12,143.85000000000002,218,medium
237,104,1009,2,2023-06-09,Item_9,47.95,South,2022-10-11,95.9,241,Low
238,133,1018,2,2023-04-17,Item_18,74.42,North,2022-07-25,148.84,266,medium
239,105,1016,2,2023-06-30,Item_16,75.98,South,2022-05-01,151.96,425,medium
240,121,1013,4,2023-06-07,Item_13,28.96,West,2022-01-20,115.84,503,medium
241,110,1008,1,2023-02-08,Item_8,91.06,North,2022-11-01,91.06,99,Low
242,147,1013,2,2023-06-08,Item_13,28.96,South,2022-08-11,57.92,301,Low
243,115,1000,2,2023-03-23,Item_0,98.89,North,2022-07-26,197.78,240,medium
244,132,1018,2,2023-04-10,Item_18,74.42,North,2022-06-28,148.84,286,medium
245,108,1012,3,2023-01-02,Item_12,92.11,North,2022-07-23,276.33,163,High
246,105,1012,3,2023-03-18,Item_12,92.11,South,2022-05-01,276.33,321,High
247,115,1003,4,2023-01-12,Item_3,62.08,North,2022-07-26,248.32,170,medium
248,128,1000,1,2023-02-08,Item_0,98.89,North,2022-09-02,98.89,159,Low
249,102,1016,4,2023-01-13,Item_16,75.98,West,2022-11-09,303.92,65,High
250,119,1007,1,2023-02-15,Item_7,88.61,East,2022-05-10,88.61,281,Low
251,135,1001,3,2023-06-04,Item_1,13.61,North,2022-10-03,40.83,244,Low
252,118,1007,3,2023-04-23,Item_7,88.61,West,2022-11-30,265.83,144,High
253,125,1006,3,2023-01-17,Item_6,53.8,North,2022-04-29,161.39999999999998,263,medium
254,102,1001,4,2023-04-14,Item_1,13.61,West,2022-11-09,54.44,156,Low
255,118,1002,2,2023-04-08,Item_2,88.03,West,2022-11-30,176.06,129,medium
256,119,1017,2,2023-03-29,Item_17,21.84,East,2022-05-10,43.68,323,Low
257,131,1011,3,2023-04-19,Item_11,63.31,East,2022-06-10,189.93,313,medium
258,106,1000,2,2023-06-12,Item_0,98.89,East,2022-04-17,197.78,421,medium
259,140,1011,2,2023-03-11,Item_11,63.31,North,2022-10-26,126.62,136,medium
260,132,1004,4,2023-06-07,Item_4,49.48,North,2022-06-28,197.92,344,medium
261,139,1016,1,2023-03-15,Item_16,75.98,West,2022-09-08,75.98,188,Low
262,138,1015,3,2023-03-04,Item_15,66.84,West,2022-08-04,200.52,212,medium
263,117,1014,3,2023-06-05,Item_14,66.07,South,2022-09-08,198.20999999999998,270,medium
264,139,1014,4,2023-03-01,Item_14,66.07,West,2022-09-08,264.28,174,High
265,100,1004,4,2023-03-20,Item_4,49.48,East,2022-06-20,197.92,273,medium
266,110,1013,2,2023-02-06,Item_13,28.96,North,2022-11-01,57.92,97,Low
267,127,1001,3,2023-01-22,Item_1,13.61,North,2022-07-17,40.83,189,Low
268,124,1010,1,2023-05-28,Item_10,34.91,South,2022-01-01,34.91,512,Low
269,149,1018,4,2023-04-06,Item_18,74.42,West,2022-06-27,297.68,283,High
270,122,1006,1,2023-03-09,Item_6,53.8,South,2022-10-09,53.8,151,Low
271,130,1005,1,2023-01-17,Item_5,75.27,South,2022-11-21,75.27,57,Low
272,129,1001,3,2023-01-12,Item_1,13.61,West,2022-02-28,40.83,318,Low
273,141,1005,3,2023-05-30,Item_5,75.27,East,2022-05-06,225.81,389,medium
274,134,1017,4,2023-05-25,Item_17,21.84,East,2022-01-12,87.36,498,Low
275,106,1001,3,2023-05-18,Item_1,13.61,East,2022-04-17,40.83,396,Low
276,115,1017,3,2023-04-28,Item_17,21.84,North,2022-07-26,65.52,276,Low
277,125,1014,3,2023-01-22,Item_14,66.07,North,2022-04-29,198.20999999999998,268,medium
278,147,1018,1,2023-04-30,Item_18,74.42,South,2022-08-11,74.42,262,Low
279,148,1001,4,2023-02-19,Item_1,13.61,South,2022-07-03,54.44,231,Low
280,101,1019,2,2023-01-14,Item_19,91.81,South,2022-01-01,183.62,378,medium
281,100,1005,1,2023-06-24,Item_5,75.27,East,2022-06-20,75.27,369,Low
282,147,1000,3,2023-01-29,Item_0,98.89,South,2022-08-11,296.67,171,High
283,111,1014,1,2023-06-13,Item_14,66.07,North,2022-04-30,66.07,409,Low
284,104,1009,3,2023-06-29,Item_9,47.95,South,2022-10-11,143.85000000000002,261,medium
285,136,1018,3,2023-05-05,Item_18,74.42,West,2022-06-30,223.26,309,medium
286,131,1016,1,2023-01-07,Item_16,75.98,East,2022-06-10,75.98,211,Low
287,108,1004,4,2023-01-29,Item_4,49.48,North,2022-07-23,197.92,190,medium
288,140,1003,3,2023-05-19,Item_3,62.08,North,2022-10-26,186.24,205,medium
289,134,1009,4,2023-02-02,Item_9,47.95,East,2022-01-12,191.8,386,medium
290,118,1016,2,2023-05-14,Item_16,75.98,West,2022-11-30,151.96,165,medium
291,147,1009,3,2023-04-21,Item_9,47.95,South,2022-08-11,143.85000000000002,253,medium
292,115,1016,4,2023-03-20,Item_16,75.98,North,2022-07-26,303.92,237,High
293,102,1019,4,2023-06-09,Item_19,91.81,West,2022-11-09,367.24,212,High
294,119,1004,2,2023-06-28,Item_4,49.48,East,2022-05-10,98.96,414,Low
295,123,1001,4,2023-02-27,Item_1,13.61,East,2022-10-12,54.44,138,Low
296,132,1005,4,2023-01-26,Item_5,75.27,North,2022-06-28,301.08,212,High
297,123,1001,2,2023-06-23,Item_1,13.61,East,2022-10-12,27.22,254,Low
298,110,1012,3,2023-01-29,Item_12,92.11,North,2022-11-01,276.33,89,High
299,148,1010,4,2023-01-04,Item_10,34.91,South,2022-07-03,139.64,185,medium
300,107,1010,4,2023-04-09,Item_10,34.91,North,2022-06-24,139.64,289,medium
301,135,1015,4,2023-05-21,Item_15,66.84,North,2022-10-03,267.36,230,High
302,137,1010,1,2023-02-08,Item_10,34.91,West,2022-08-30,34.91,162,Low
303,139,1018,2,2023-01-15,Item_18,74.42,West,2022-09-08,148.84,129,medium
304,119,1014,1,2023-04-29,Item_14,66.07,East,2022-05-10,66.07,354,Low
305,134,1015,2,2023-01-29,Item_15,66.84,East,2022-01-12,133.68,382,medium
306,147,1010,3,2023-06-06,Item_10,34.91,South,2022-08-11,104.72999999999999,299,medium
307,124,1015,3,2023-03-16,Item_15,66.84,South,2022-01-01,200.52,439,medium
308,134,1007,4,2023-04-26,Item_7,88.61,East,2022-01-12,354.44,469,High
309,124,1003,2,2023-02-01,Item_3,62.08,South,2022-01-01,124.16,396,medium
310,128,1007,3,2023-05-10,Item_7,88.61,North,2022-09-02,265.83,250,High
311,117,1003,2,2023-06-24,Item_3,62.08,South,2022-09-08,124.16,289,medium
312,145,1002,3,2023-03-25,Item_2,88.03,South,2022-07-04,264.09000000000003,264,High
313,117,1002,1,2023-01-22,Item_2,88.03,South,2022-09-08,88.03,136,Low
314,101,1017,3,2023-01-27,Item_17,21.84,South,2022-01-01,65.52,391,Low
315,134,1018,1,2023-03-22,Item_18,74.42,East,2022-01-12,74.42,434,Low
316,115,1018,3,2023-05-06,Item_18,74.42,North,2022-07-26,223.26,284,medium
317,140,1004,4,2023-04-02,Item_4,49.48,North,2022-10-26,197.92,158,medium
318,135,1017,1,2023-01-21,Item_17,21.84,North,2022-10-03,21.84,110,Low
319,132,1009,3,2023-02-16,Item_9,47.95,North,2022-06-28,143.85000000000002,233,medium
320,103,1005,4,2023-04-11,Item_5,75.27,South,2022-03-05,301.08,402,High
321,132,1000,1,2023-03-25,Item_0,98.89,North,2022-06-28,98.89,270,Low
322,113,1004,4,2023-01-06,Item_4,49.48,South,2022-11-08,197.92,59,medium
323,120,1008,2,2023-05-27,Item_8,91.06,North,2022-10-20,182.12,219,medium
324,147,1011,2,2023-05-11,Item_11,63.31,South,2022-08-11,126.62,273,medium
325,119,1013,1,2023-01-01,Item_13,28.96,East,2022-05-10,28.96,236,Low
326,107,1001,3,2023-02-27,Item_1,13.61,North,2022-06-24,40.83,248,Low
327,106,1016,1,2023-05-04,Item_16,75.98,East,2022-04-17,75.98,382,Low
328,102,1013,4,2023-06-15,Item_13,28.96,West,2022-11-09,115.84,218,medium
329,116,1012,3,2023-01-15,Item_12,92.11,East,2022-04-18,276.33,272,High
330,132,1008,2,2023-06-11,Item_8,91.06,North,2022-06-28,182.12,348,medium
331,147,1014,3,2023-06-12,Item_14,66.07,South,2022-08-11,198.20999999999998,305,medium
332,111,1014,2,2023-03-05,Item_14,66.07,North,2022-04-30,132.14,309,medium
333,121,1010,3,2023-01-25,Item_10,34.91,West,2022-01-20,104.72999999999999,370,medium
334,121,1015,3,2023-01-24,Item_15,66.84,West,2022-01-20,200.52,369,medium
335,145,1016,3,2023-01-12,Item_16,75.98,South,2022-07-04,227.94,192,medium
336,129,1003,4,2023-01-18,Item_3,62.08,West,2022-02-28,248.32,324,medium
337,137,1000,4,2023-01-15,Item_0,98.89,West,2022-08-30,395.56,138,High
338,137,1007,1,2023-01-27,Item_7,88.61,West,2022-08-30,88.61,150,Low
339,144,1016,1,2023-03-13,Item_16,75.98,East,2022-10-12,75.98,152,Low
340,107,1002,2,2023-03-01,Item_2,88.03,North,2022-06-24,176.06,250,medium
341,126,1019,4,2023-06-23,Item_19,91.81,East,2022-02-04,367.24,504,High
342,126,1014,2,2023-05-25,Item_14,66.07,East,2022-02-04,132.14,475,medium
343,133,1014,1,2023-04-03,Item_14,66.07,North,2022-07-25,66.07,252,Low
344,120,1013,2,2023-02-22,Item_13,28.96,North,2022-10-20,57.92,125,Low
345,129,1013,1,2023-01-08,Item_13,28.96,West,2022-02-28,28.96,314,Low
346,132,1001,4,2023-03-20,Item_1,13.61,North,2022-06-28,54.44,265,Low
347,127,1012,3,2023-01-27,Item_12,92.11,North,2022-07-17,276.33,194,High
348,146,1013,4,2023-06-23,Item_13,28.96,East,2022-02-08,115.84,500,medium
349,132,1018,2,2023-02-19,Item_18,74.42,North,2022-06-28,148.84,236,medium
350,104,1006,2,2023-05-11,Item_6,53.8,South,2022-10-11,107.6,212,medium
351,147,1002,4,2023-04-03,Item_2,88.03,South,2022-08-11,352.12,235,High
352,118,1014,4,2023-06-21,Item_14,66.07,West,2022-11-30,264.28,203,High
353,103,1013,1,2023-06-30,Item_13,28.96,South,2022-03-05,28.96,482,Low
354,134,1010,2,2023-01-24,Item_10,34.91,East,2022-01-12,69.82,377,Low
355,148,1014,2,2023-03-01,Item_14,66.07,South,2022-07-03,132.14,241,medium
356,116,1012,4,2023-05-02,Item_12,92.11,East,2022-04-18,368.44,379,High
357,143,1017,3,2023-05-11,Item_17,21.84,East,2022-11-02,65.52,190,Low
358,127,1005,2,2023-05-28,Item_5,75.27,North,2022-07-17,150.54,315,medium
359,129,1002,3,2023-02-15,Item_2,88.03,West,2022-02-28,264.09000000000003,352,High
360,128,1018,4,2023-01-15,Item_18,74.42,North,2022-09-02,297.68,135,High
361,145,1014,4,2023-06-02,Item_14,66.07,South,2022-07-04,264.28,333,High
362,105,1004,1,2023-01-17,Item_4,49.48,South,2022-05-01,49.48,261,Low
363,134,1009,2,2023-05-06,Item_9,47.95,East,2022-01-12,95.9,479,Low
364,140,1006,3,2023-03-25,Item_6,53.8,North,2022-10-26,161.39999999999998,150,medium
365,136,1016,1,2023-01-09,Item_16,75.98,West,2022-06-30,75.98,193,Low
366,123,1006,2,2023-06-15,Item_6,53.8,East,2022-10-12,107.6,246,medium
367,128,1011,1,2023-06-25,Item_11,63.31,North,2022-09-02,63.31,296,Low
368,148,1016,4,2023-03-04,Item_16,75.98,South,2022-07-03,303.92,244,High
369,145,1012,2,2023-04-27,Item_12,92.11,South,2022-07-04,184.22,297,medium
370,130,1019,1,2023-05-10,Item_19,91.81,South,2022-11-21,91.81,170,Low
371,134,1003,1,2023-03-29,Item_3,62.08,East,2022-01-12,62.08,441,Low
372,132,1009,3,2023-03-13,Item_9,47.95,North,2022-06-28,143.85000000000002,258,medium
373,120,1002,1,2023-05-19,Item_2,88.03,North,2022-10-20,88.03,211,Low
374,131,1008,2,2023-03-05,Item_8,91.06,East,2022-06-10,182.12,268,medium
375,122,1012,2,2023-03-13,Item_12,92.11,South,2022-10-09,184.22,155,medium
376,132,1017,3,2023-01-21,Item_17,21.84,North,2022-06-28,65.52,207,Low
377,102,1014,2,2023-01-18,Item_14,66.07,West,2022-11-09,132.14,70,medium
378,117,1003,4,2023-03-05,Item_3,62.08,South,2022-09-08,248.32,178,medium
379,124,1014,2,2023-03-23,Item_14,66.07,South,2022-01-01,132.14,446,medium
380,141,1001,2,2023-04-20,Item_1,13.61,East,2022-05-06,27.22,349,Low
381,130,1014,1,2023-04-05,Item_14,66.07,South,2022-11-21,66.07,135,Low
382,102,1007,1,2023-06-15,Item_7,88.61,West,2022-11-09,88.61,218,Low
383,139,1007,2,2023-02-01,Item_7,88.61,West,2022-09-08,177.22,146,medium
384,145,1016,3,2023-01-11,Item_16,75.98,South,2022-07-04,227.94,191,medium
385,123,1011,1,2023-02-14,Item_11,63.31,East,2022-10-12,63.31,125,Low
386,149,1018,3,2023-02-02,Item_18,74.42,West,2022-06-27,223.26,220,medium
387,131,1009,2,2023-04-12,Item_9,47.95,East,2022-06-10,95.9,306,Low
388,146,1008,2,2023-06-18,Item_8,91.06,East,2022-02-08,182.12,495,medium
389,121,1004,4,2023-05-16,Item_4,49.48,West,2022-01-20,197.92,481,medium
390,122,1005,1,2023-01-11,Item_5,75.27,South,2022-10-09,75.27,94,Low
391,101,1019,2,2023-06-28,Item_19,91.81,South,2022-01-01,183.62,543,medium
392,126,1001,4,2023-03-29,Item_1,13.61,East,2022-02-04,54.44,418,Low
393,141,1012,1,2023-02-10,Item_12,92.11,East,2022-05-06,92.11,280,Low
394,101,1005,2,2023-05-25,Item_5,75.27,South,2022-01-01,150.54,509,medium
395,125,1004,2,2023-03-17,Item_4,49.48,North,2022-04-29,98.96,322,Low
396,116,1000,1,2023-05-01,Item_0,98.89,East,2022-04-18,98.89,378,Low
397,139,1005,1,2023-02-15,Item_5,75.27,West,2022-09-08,75.27,160,Low
398,132,1005,1,2023-06-09,Item_5,75.27,North,2022-06-28,75.27,346,Low
399,108,1015,2,2023-03-21,Item_15,66.84,North,2022-07-23,133.68,241,medium
400,142,1003,2,2023-02-23,Item_3,62.08,East,2022-08-05,124.16,202,medium
401,147,1010,4,2023-03-27,Item_10,34.91,South,2022-08-11,139.64,228,medium
402,138,1008,3,2023-04-02,Item_8,91.06,West,2022-08-04,273.18,241,High
403,128,1002,1,2023-05-28,Item_2,88.03,North,2022-09-02,88.03,268,Low
404,141,1018,2,2023-06-10,Item_18,74.42,East,2022-05-06,148.84,400,medium
405,125,1007,2,2023-06-17,Item_7,88.61,North,2022-04-29,177.22,414,medium
406,134,1004,1,2023-06-09,Item_4,49.48,East,2022-01-12,49.48,513,Low
407,149,1003,3,2023-04-07,Item_3,62.08,West,2022-06-27,186.24,284,medium
408,124,1005,1,2023-01-02,Item_5,75.27,South,2022-01-01,75.27,366,Low
409,123,1001,3,2023-02-02,Item_1,13.61,East,2022-10-12,40.83,113,Low
410,112,1019,2,2023-06-07,Item_19,91.81,South,2022-02-13,183.62,479,medium
411,106,1010,3,2023-06-10,Item_10,34.91,East,2022-04-17,104.72999999999999,419,medium
412,135,1003,4,2023-03-18,Item_3,62.08,North,2022-10-03,248.32,166,medium
413,144,1014,2,2023-04-26,Item_14,66.07,East,2022-10-12,132.14,196,medium
414,119,1005,4,2023-06-03,Item_5,75.27,East,2022-05-10,301.08,389,High
415,100,1016,1,2023-05-30,Item_16,75.98,East,2022-06-20,75.98,344,Low
416,107,1005,1,2023-04-13,Item_5,75.27,North,2022-06-24,75.27,293,Low
417,145,1018,1,2023-06-15,Item_18,74.42,South,2022-07-04,74.42,346,Low
418,115,1001,3,2023-04-13,Item_1,13.61,North,2022-07-26,40.83,261,Low
419,113,1014,2,2023-03-31,Item_14,66.07,South,2022-11-08,132.14,143,medium
420,111,1010,1,2023-06-23,Item_10,34.91,North,2022-04-30,34.91,419,Low
421,122,1007,1,2023-05-02,Item_7,88.61,South,2022-10-09,88.61,205,Low
422,114,1018,2,2023-05-23,Item_18,74.42,West,2022-06-05,148.84,352,medium
423,127,1012,1,2023-04-16,Item_12,92.11,North,2022-07-17,92.11,273,Low
424,133,1011,4,2023-04-29,Item_11,63.31,North,2022-07-25,253.24,278,High
425,101,1004,2,2023-06-21,Item_4,49.48,South,2022-01-01,98.96,536,Low
426,131,1005,2,2023-02-18,Item_5,75.27,East,2022-06-10,150.54,253,medium
427,122,1003,2,2023-04-14,Item_3,62.08,South,2022-10-09,124.16,187,medium
428,121,1018,4,2023-03-02,Item_18,74.42,West,2022-01-20,297.68,406,High
429,124,1019,2,2023-05-03,Item_19,91.81,South,2022-01-01,183.62,487,medium
430,121,1000,4,2023-05-14,Item_0,98.89,West,2022-01-20,395.56,479,High
431,121,1019,2,2023-01-09,Item_19,91.81,West,2022-01-20,183.62,354,medium
432,148,1016,3,2023-01-06,Item_16,75.98,South,2022-07-03,227.94,187,medium
433,141,1011,1,2023-03-14,Item_11,63.31,East,2022-05-06,63.31,312,Low
434,105,1014,3,2023-04-13,Item_14,66.07,South,2022-05-01,198.20999999999998,347,medium
435,114,1000,1,2023-06-09,Item_0,98.89,West,2022-06-05,98.89,369,Low
436,142,1013,4,2023-02-10,Item_13,28.96,East,2022-08-05,115.84,189,medium
437,136,1005,3,2023-04-24,Item_5,75.27,West,2022-06-30,225.81,298,medium
438,132,1004,2,2023-01-08,Item_4,49.48,North,2022-06-28,98.96,194,Low
439,107,1010,1,2023-03-13,Item_10,34.91,North,2022-06-24,34.91,262,Low
440,143,1003,1,2023-06-27,Item_3,62.08,East,2022-11-02,62.08,237,Low
441,143,1012,3,2023-04-02,Item_12,92.11,East,2022-11-02,276.33,151,High
442,104,1010,4,2023-03-03,Item_10,34.91,South,2022-10-11,139.64,143,medium
443,138,1002,3,2023-03-25,Item_2,88.03,West,2022-08-04,264.09000000000003,233,High
444,103,1000,4,2023-03-03,Item_0,98.89,South,2022-03-05,395.56,363,High
445,105,1005,4,2023-04-21,Item_5,75.27,South,2022-05-01,301.08,355,High
446,144,1017,1,2023-05-07,Item_17,21.84,East,2022-10-12,21.84,207,Low
447,131,1009,3,2023-01-07,Item_9,47.95,East,2022-06-10,143.85000000000002,211,medium
448,129,1004,3,2023-03-25,Item_4,49.48,West,2022-02-28,148.44,390,medium
449,146,1009,4,2023-05-12,Item_9,47.95,East,2022-02-08,191.8,458,medium
450,134,1011,3,2023-05-14,Item_11,63.31,East,2022-01-12,189.93,487,medium
451,139,1001,2,2023-02-27,Item_1,13.61,West,2022-09-08,27.22,172,Low
452,115,1012,2,2023-01-22,Item_12,92.11,North,2022-07-26,184.22,180,medium
453,112,1007,3,2023-06-03,Item_7,88.61,South,2022-02-13,265.83,475,High
454,149,1001,3,2023-05-07,Item_1,13.61,West,2022-06-27,40.83,314,Low
455,141,1019,4,2023-01-03,Item_19,91.81,East,2022-05-06,367.24,242,High
456,129,1000,2,2023-05-07,Item_0,98.89,West,2022-02-28,197.78,433,medium
457,118,1004,2,2023-02-10,Item_4,49.48,West,2022-11-30,98.96,72,Low
458,116,1008,1,2023-04-16,Item_8,91.06,East,2022-04-18,91.06,363,Low
459,118,1016,4,2023-01-14,Item_16,75.98,West,2022-11-30,303.92,45,High
460,127,1008,1,2023-01-12,Item_8,91.06,North,2022-07-17,91.06,179,Low
461,125,1010,2,2023-03-28,Item_10,34.91,North,2022-04-29,69.82,333,Low
462,136,1014,4,2023-01-12,Item_14,66.07,West,2022-06-30,264.28,196,High
463,125,1005,3,2023-05-21,Item_5,75.27,North,2022-04-29,225.81,387,medium
464,122,1002,4,2023-01-25,Item_2,88.03,South,2022-10-09,352.12,108,High
465,108,1016,3,2023-02-14,Item_16,75.98,North,2022-07-23,227.94,206,medium
466,111,1004,3,2023-05-02,Item_4,49.48,North,2022-04-30,148.44,367,medium
467,100,1011,4,2023-05-27,Item_11,63.31,East,2022-06-20,253.24,341,High
468,100,1017,3,2023-02-24,Item_17,21.84,East,2022-06-20,65.52,249,Low
469,146,1013,1,2023-04-10,Item_13,28.96,East,2022-02-08,28.96,426,Low
470,133,1010,2,2023-06-22,Item_10,34.91,North,2022-07-25,69.82,332,Low
471,131,1008,3,2023-05-16,Item_8,91.06,East,2022-06-10,273.18,340,High
472,147,1001,1,2023-04-29,Item_1,13.61,South,2022-08-11,13.61,261,Low
473,124,1011,3,2023-02-22,Item_11,63.31,South,2022-01-01,189.93,417,medium
474,139,1002,2,2023-02-01,Item_2,88.03,West,2022-09-08,176.06,146,medium
475,144,1002,1,2023-02-20,Item_2,88.03,East,2022-10-12,88.03,131,Low
476,100,1000,2,2023-02-13,Item_0,98.89,East,2022-06-20,197.78,238,medium
477,115,1007,2,2023-03-23,Item_7,88.61,North,2022-07-26,177.22,240,medium
478,138,1007,1,2023-05-26,Item_7,88.61,West,2022-08-04,88.61,295,Low
479,104,1010,1,2023-05-30,Item_10,34.91,South,2022-10-11,34.91,231,Low
480,121,1008,1,2023-02-06,Item_8,91.06,West,2022-01-20,91.06,382,Low
481,128,1004,4,2023-04-06,Item_4,49.48,North,2022-09-02,197.92,216,medium
482,102,1013,1,2023-02-25,Item_13,28.96,West,2022-11-09,28.96,108,Low
483,111,1002,1,2023-04-15,Item_2,88.03,North,2022-04-30,88.03,350,Low
484,125,1004,1,2023-02-28,Item_4,49.48,North,2022-04-29,49.48,305,Low
485,115,1004,1,2023-05-11,Item_4,49.48,North,2022-07-26,49.48,289,Low
486,136,1018,3,2023-06-05,Item_18,74.42,West,2022-06-30,223.26,340,medium
487,121,1013,4,2023-02-04,Item_13,28.96,West,2022-01-20,115.84,380,medium
488,128,1003,2,2023-04-03,Item_3,62.08,North,2022-09-02,124.16,213,medium
489,113,1012,1,2023-04-07,Item_12,92.11,South,2022-11-08,92.11,150,Low
490,127,1009,3,2023-05-15,Item_9,47.95,North,2022-07-17,143.85000000000002,302,medium
491,104,1017,3,2023-03-17,Item_17,21.84,South,2022-10-11,65.52,157,Low
492,146,1007,3,2023-02-18,Item_7,88.61,East,2022-02-08,265.83,375,High
493,148,1007,2,2023-04-04,Item_7,88.61,South,2022-07-03,177.22,275,medium
494,129,1006,1,2023-06-08,Item_6,53.8,West,2022-02-28,53.8,465,Low
495,145,1007,4,2023-01-24,Item_7,88.61,South,2022-07-04,354.44,204,High
496,104,1013,4,2023-05-28,Item_13,28.96,South,2022-10-11,115.84,229,medium
497,111,1018,3,2023-02-06,Item_18,74.42,North,2022-04-30,223.26,282,medium
498,115,1005,2,2023-01-04,Item_5,75.27,North,2022-07-26,150.54,162,medium
499,125,1000,2,2023-04-18,Item_0,98.89,North,2022-04-29,197.78,354,medium
500,125,1014,2,2023-05-06,Item_14,66.07,North,2022-04-29,132.14,372,medium
